{"_wandb":{"runtime":24051},"_runtime":24037.265399706,"_step":1099,"loss":0.0478668250143528,"lr":0,"tokens_per_second_per_gpu":3037.305908203125,"global_step":1100,"_timestamp":1.745641774007087e+09}