{"_timestamp":1.7454943404305801e+09,"_runtime":26323.657549271,"_step":555,"loss":0.08802621811628342,"lr":0,"_wandb":{"runtime":26367},"tokens_per_second_per_gpu":2779.646240234375,"global_step":556}