{"lr":0,"tokens_per_second_per_gpu":2718.533203125,"_wandb":{"runtime":9188},"global_step":139,"_timestamp":1.745464394787339e+09,"_runtime":6941.654977761,"_step":138,"loss":0.26647642254829407}