{"_wandb":{"runtime":6569},"loss":0.262011855840683,"lr":0,"tokens_per_second_per_gpu":2807.63134765625,"global_step":139,"_timestamp":1.745470463523183e+09,"_runtime":6532.062125699,"_step":138}