{"tokens_per_second_per_gpu":3136.57666015625,"global_step":139,"_wandb":{"runtime":6210},"_timestamp":1.7454625817665088e+09,"_runtime":6076.313875876,"_step":138,"loss":0.31191176176071167,"lr":0}