{"_runtime":370.766140666,"_step":4,"loss":0.673717737197876,"lr":1.4999999999999999e-05,"tokens_per_second_per_gpu":3120.489501953125,"_wandb":{"runtime":383},"global_step":5,"_timestamp":1.7454535156146858e+09}